<?xml version="1.0" encoding="UTF-8" standalone="yes"?>
<ns2:ExportManifest xmlns:ns2="http://www.pentaho.com/schema/">
    <ExportManifestInformation exportDate="25-06-2015 01:14:12 ICT" exportBy="admin" rootFolder="/public/Dapper Sales Analysis/"/>
    <ExportManifestEntity path="PC-Sales Analysis">
        <ExportManifestProperty>
            <EntityMetaData name="PC-Sales Analysis" createdDate="2014-10-21T16:41:28.608+07:00" isFolder="true" path="PC-Sales Analysis" isHidden="false" locale="th_TH" title="PC-Sales Analysis"/>
        </ExportManifestProperty>
        <ExportManifestProperty>
            <EntityAcl>
                <aces>
                    <permissions>READ</permissions>
                    <recipient>DM</recipient>
                    <recipientType>ROLE</recipientType>
                </aces>
                <aces>
                    <permissions>READ</permissions>
                    <recipient>DW</recipient>
                    <recipientType>ROLE</recipientType>
                </aces>
                <aces>
                    <permissions>READ</permissions>
                    <recipient>DF</recipient>
                    <recipientType>ROLE</recipientType>
                </aces>
                <aces>
                    <permissions>READ</permissions>
                    <recipient>DAM</recipient>
                    <recipientType>ROLE</recipientType>
                </aces>
                <aces>
                    <permissions>READ</permissions>
                    <recipient>DAW</recipient>
                    <recipientType>ROLE</recipientType>
                </aces>
                <aces>
                    <permissions>READ</permissions>
                    <recipient>DAF</recipient>
                    <recipientType>ROLE</recipientType>
                </aces>
                <aces>
                    <permissions>READ</permissions>
                    <recipient>Manangement</recipient>
                    <recipientType>ROLE</recipientType>
                </aces>
                <entriesInheriting>false</entriesInheriting>
                <owner>admin</owner>
                <ownerType>USER</ownerType>
            </EntityAcl>
        </ExportManifestProperty>
    </ExportManifestEntity>
    <ExportManifestEntity path="PC-Sales Analysis/PC_Sale_Dashboard.cda">
        <ExportManifestProperty>
            <EntityMetaData name="PC_Sale_Dashboard.cda" createdDate="2014-10-21T16:41:28.823+07:00" isFolder="false" path="PC-Sales Analysis/PC_Sale_Dashboard.cda" isHidden="true" locale="th_TH" title="PC_Sale_Dashboard"/>
        </ExportManifestProperty>
        <ExportManifestProperty>
            <EntityAcl>
                <entriesInheriting>true</entriesInheriting>
                <owner>admin</owner>
                <ownerType>USER</ownerType>
            </EntityAcl>
        </ExportManifestProperty>
    </ExportManifestEntity>
    <ExportManifestEntity path="PC-Sales Analysis/PC_Sale_Dashboard.cdfde">
        <ExportManifestProperty>
            <EntityMetaData name="PC_Sale_Dashboard.cdfde" createdDate="2014-10-21T16:41:29.112+07:00" isFolder="false" path="PC-Sales Analysis/PC_Sale_Dashboard.cdfde" isHidden="true" locale="th_TH" title="PC_Sale_Dashboard"/>
        </ExportManifestProperty>
        <ExportManifestProperty>
            <EntityAcl>
                <entriesInheriting>true</entriesInheriting>
                <owner>admin</owner>
                <ownerType>USER</ownerType>
            </EntityAcl>
        </ExportManifestProperty>
    </ExportManifestEntity>
    <ExportManifestEntity path="PC-Sales Analysis/PC_Sale_Dashboard.wcdf">
        <ExportManifestProperty>
            <EntityMetaData name="PC_Sale_Dashboard.wcdf" createdDate="2014-10-21T16:41:29.366+07:00" isFolder="false" path="PC-Sales Analysis/PC_Sale_Dashboard.wcdf" isHidden="false" locale="th_TH" title="PC_Sale_Dashboard"/>
        </ExportManifestProperty>
        <ExportManifestProperty>
            <EntityAcl>
                <aces>
                    <permissions>READ</permissions>
                    <recipient>DM</recipient>
                    <recipientType>ROLE</recipientType>
                </aces>
                <aces>
                    <permissions>READ</permissions>
                    <recipient>DW</recipient>
                    <recipientType>ROLE</recipientType>
                </aces>
                <aces>
                    <permissions>READ</permissions>
                    <recipient>DF</recipient>
                    <recipientType>ROLE</recipientType>
                </aces>
                <aces>
                    <permissions>READ</permissions>
                    <recipient>DAM</recipient>
                    <recipientType>ROLE</recipientType>
                </aces>
                <aces>
                    <permissions>READ</permissions>
                    <recipient>DAW</recipient>
                    <recipientType>ROLE</recipientType>
                </aces>
                <aces>
                    <permissions>READ</permissions>
                    <recipient>DAF</recipient>
                    <recipientType>ROLE</recipientType>
                </aces>
                <aces>
                    <permissions>READ</permissions>
                    <recipient>Manangement</recipient>
                    <recipientType>ROLE</recipientType>
                </aces>
                <entriesInheriting>false</entriesInheriting>
                <owner>admin</owner>
                <ownerType>USER</ownerType>
            </EntityAcl>
        </ExportManifestProperty>
    </ExportManifestEntity>
</ns2:ExportManifest>
