<?xml version="1.0" encoding="UTF-8" standalone="yes"?>
<ns2:ExportManifest xmlns:ns2="http://www.pentaho.com/schema/">
    <ExportManifestInformation exportDate="25-06-2015 01:13:58 ICT" exportBy="admin" rootFolder="/public/Dapper Sales Analysis/"/>
    <ExportManifestEntity path="Mobile-Sales Analysis">
        <ExportManifestProperty>
            <EntityMetaData name="Mobile-Sales Analysis" createdDate="2014-07-24T16:40:07.998+07:00" isFolder="true" path="Mobile-Sales Analysis" isHidden="false" locale="th_TH" title="Mobile-Sales Analysis"/>
        </ExportManifestProperty>
        <ExportManifestProperty>
            <EntityAcl>
                <aces>
                    <permissions>READ</permissions>
                    <recipient>DM</recipient>
                    <recipientType>ROLE</recipientType>
                </aces>
                <aces>
                    <permissions>READ</permissions>
                    <recipient>DW</recipient>
                    <recipientType>ROLE</recipientType>
                </aces>
                <aces>
                    <permissions>READ</permissions>
                    <recipient>DF</recipient>
                    <recipientType>ROLE</recipientType>
                </aces>
                <aces>
                    <permissions>READ</permissions>
                    <recipient>DAM</recipient>
                    <recipientType>ROLE</recipientType>
                </aces>
                <aces>
                    <permissions>READ</permissions>
                    <recipient>DAW</recipient>
                    <recipientType>ROLE</recipientType>
                </aces>
                <aces>
                    <permissions>READ</permissions>
                    <recipient>DAF</recipient>
                    <recipientType>ROLE</recipientType>
                </aces>
                <aces>
                    <permissions>READ</permissions>
                    <recipient>Manangement</recipient>
                    <recipientType>ROLE</recipientType>
                </aces>
                <entriesInheriting>false</entriesInheriting>
                <owner>admin</owner>
                <ownerType>USER</ownerType>
            </EntityAcl>
        </ExportManifestProperty>
    </ExportManifestEntity>
    <ExportManifestEntity path="Mobile-Sales Analysis/Mobile_Sales_Dashboard.cda">
        <ExportManifestProperty>
            <EntityMetaData name="Mobile_Sales_Dashboard.cda" createdDate="2014-10-13T16:48:08.921+07:00" isFolder="false" path="Mobile-Sales Analysis/Mobile_Sales_Dashboard.cda" isHidden="true" locale="th_TH" title="Mobile_Sales_Dashboard"/>
        </ExportManifestProperty>
        <ExportManifestProperty>
            <EntityAcl>
                <entriesInheriting>true</entriesInheriting>
                <owner>admin</owner>
                <ownerType>USER</ownerType>
            </EntityAcl>
        </ExportManifestProperty>
    </ExportManifestEntity>
    <ExportManifestEntity path="Mobile-Sales Analysis/Mobile_Sales_Dashboard.cdfde">
        <ExportManifestProperty>
            <EntityMetaData name="Mobile_Sales_Dashboard.cdfde" createdDate="2014-10-13T16:48:15.871+07:00" isFolder="false" path="Mobile-Sales Analysis/Mobile_Sales_Dashboard.cdfde" isHidden="true" locale="th_TH" title="Mobile_Sales_Dashboard"/>
        </ExportManifestProperty>
        <ExportManifestProperty>
            <EntityAcl>
                <entriesInheriting>true</entriesInheriting>
                <owner>admin</owner>
                <ownerType>USER</ownerType>
            </EntityAcl>
        </ExportManifestProperty>
    </ExportManifestEntity>
    <ExportManifestEntity path="Mobile-Sales Analysis/Mobile_Sales_Dashboard.wcdf">
        <ExportManifestProperty>
            <EntityMetaData name="Mobile_Sales_Dashboard.wcdf" createdDate="2014-10-13T16:48:22.857+07:00" isFolder="false" path="Mobile-Sales Analysis/Mobile_Sales_Dashboard.wcdf" isHidden="false" locale="th_TH" title="Mobile_Sales_Dashboard"/>
        </ExportManifestProperty>
        <ExportManifestProperty>
            <EntityAcl>
                <aces>
                    <permissions>READ</permissions>
                    <recipient>Manangement</recipient>
                    <recipientType>ROLE</recipientType>
                </aces>
                <aces>
                    <permissions>READ</permissions>
                    <recipient>DM</recipient>
                    <recipientType>ROLE</recipientType>
                </aces>
                <aces>
                    <permissions>READ</permissions>
                    <recipient>DW</recipient>
                    <recipientType>ROLE</recipientType>
                </aces>
                <aces>
                    <permissions>READ</permissions>
                    <recipient>DF</recipient>
                    <recipientType>ROLE</recipientType>
                </aces>
                <aces>
                    <permissions>READ</permissions>
                    <recipient>DAM</recipient>
                    <recipientType>ROLE</recipientType>
                </aces>
                <aces>
                    <permissions>READ</permissions>
                    <recipient>DAF</recipient>
                    <recipientType>ROLE</recipientType>
                </aces>
                <aces>
                    <permissions>READ</permissions>
                    <recipient>DAW</recipient>
                    <recipientType>ROLE</recipientType>
                </aces>
                <entriesInheriting>false</entriesInheriting>
                <owner>admin</owner>
                <ownerType>USER</ownerType>
            </EntityAcl>
        </ExportManifestProperty>
    </ExportManifestEntity>
</ns2:ExportManifest>
